model,accuracy,f1,roc_auc,avg_precision
Dummy (most_frequent),0.95088,0.0,0.5,0.04912
LogisticRegression,0.7792,0.2572658772874058,0.8418608704517014,0.45700182544850415
DecisionTree (optimized),0.96704,0.5846774193548387,0.8049653028417085,0.5343428799833309
RandomForest (optimized),0.97184,0.6053811659192825,0.9113861817559981,0.7598120763470197
GradientBoosting (optimized),0.976,0.7169811320754716,0.8959594979668414,0.7041100503791992
StackingClassifier,0.9528,0.6153846153846154,0.8975166360555571,0.7604188472165604
