{
  "model_type": "GRU",
  "input_size": 8,
  "hidden_size": 64,
  "num_layers": 2,
  "dropout": 0.2,
  "window_size": 14,
  "batch_size": 32,
  "learning_rate": 0.001,
  "seed": 42,
  "device": "cpu",
  "features": [
    "lag_1",
    "lag_7",
    "lag_14",
    "rolling_mean_7",
    "rolling_std_7",
    "dayofweek",
    "month",
    "quarter"
  ],
  "scaler_params": {
    "mean": [
      128.1941369047619,
      128.092833994709,
      127.94021825396824,
      128.15017979969764,
      9.061458903412472,
      3.0,
      2.619047619047619,
      1.2857142857142858
    ],
    "scale": [
      18.489392775877608,
      18.507499243412898,
      18.479571325323246,
      16.10642029016763,
      3.8107406444957976,
      2.0,
      1.2205719636167902,
      0.4517539514526256
    ]
  },
  "best_val_mae": 24.43745231628418,
  "test_mae": 28.245153427124023
}