experiment_id,dataset,seed,model_summary,optimizer,lr,momentum,weight_decay,epochs_trained,best_val_accuracy,best_val_loss
E1,EMNIST,42,"hidden=[512, 256], ReLU",Adam,0.001,,0.0,20,0.8399379432624113,0.5196466410413701
E2,EMNIST,42,"hidden=[512, 256], ReLU, dropout=0.3",Adam,0.001,,0.0,20,0.847872340425532,0.46440843436734897
E3,EMNIST,42,"hidden=[512, 256], ReLU, BN",Adam,0.001,,0.0,20,0.8519503546099291,0.49224419044264667
E4,EMNIST,42,"hidden=[512, 256], ReLU, dropout=0.3",Adam,0.001,,0.0,24,0.8480939716312057,0.45432576875314645
O1,EMNIST,42,"hidden=[512, 256], ReLU, dropout=0.3",Adam,0.1,,0.0,6,0.022650709219858157,3.8668185998362006
O2,EMNIST,42,"hidden=[512, 256], ReLU, dropout=0.3",Adam,1e-05,,0.0,6,0.5905141843971631,1.5883949595985682
O3,EMNIST,42,"hidden=[512, 256], ReLU, dropout=0.3",SGD,0.01,0.9,0.0001,12,0.8453900709219858,0.45962281527248683
